Data;Dia da Semana;Feriado;;;
01/01/2001;segunda-feira;Confraternizaá∆o Universal;;;
26/02/2001;segunda-feira;Carnaval;;;
27/02/2001;teráa-feira;Carnaval;30/08/2016;17/01/2030;3357
13/04/2001;sexta-feira;Paix∆o de Cristo;;;
21/04/2001;s†bado;Tiradentes;;;
01/05/2001;teráa-feira;Dia do Trabalho;;;
14/06/2001;quinta-feira;Corpus Christi;;;
07/09/2001;sexta-feira;Independància do Brasil;;;
12/10/2001;sexta-feira;Nossa Sr.a Aparecida - Padroeira do Brasil;;;
02/11/2001;sexta-feira;Finados;;;
15/11/2001;quinta-feira;Proclamaá∆o da Rep£blica;;;
25/12/2001;teráa-feira;Natal;;;
01/01/2002;teráa-feira;Confraternizaá∆o Universal;;;
11/02/2002;segunda-feira;Carnaval;;;
12/02/2002;teráa-feira;Carnaval;;;
29/03/2002;sexta-feira;Paix∆o de Cristo;;;
21/04/2002;domingo;Tiradentes;;;
01/05/2002;quarta-feira;Dia do Trabalho;;;
30/05/2002;quinta-feira;Corpus Christi;;;
07/09/2002;s†bado;Independància do Brasil;;;
12/10/2002;s†bado;Nossa Sr.a Aparecida - Padroeira do Brasil;;;
02/11/2002;s†bado;Finados;;;
15/11/2002;sexta-feira;Proclamaá∆o da Rep£blica;;;
25/12/2002;quarta-feira;Natal;;;
01/01/2003;quarta-feira;Confraternizaá∆o Universal;;;
03/03/2003;segunda-feira;Carnaval;;;
04/03/2003;teráa-feira;Carnaval;;;
18/04/2003;sexta-feira;Paix∆o de Cristo;;;
21/04/2003;segunda-feira;Tiradentes;;;
01/05/2003;quinta-feira;Dia do Trabalho;;;
19/06/2003;quinta-feira;Corpus Christi;;;
07/09/2003;domingo;Independància do Brasil;;;
12/10/2003;domingo;Nossa Sr.a Aparecida - Padroeira do Brasil;;;
02/11/2003;domingo;Finados;;;
15/11/2003;s†bado;Proclamaá∆o da Rep£blica;;;
25/12/2003;quinta-feira;Natal;;;
01/01/2004;quinta-feira;Confraternizaá∆o Universal;;;
23/02/2004;segunda-feira;Carnaval;;;
24/02/2004;teráa-feira;Carnaval;;;
09/04/2004;sexta-feira;Paix∆o de Cristo;;;
21/04/2004;quarta-feira;Tiradentes;;;
01/05/2004;s†bado;Dia do Trabalho;;;
10/06/2004;quinta-feira;Corpus Christi;;;
07/09/2004;teráa-feira;Independància do Brasil;;;
12/10/2004;teráa-feira;Nossa Sr.a Aparecida - Padroeira do Brasil;;;
02/11/2004;teráa-feira;Finados;;;
15/11/2004;segunda-feira;Proclamaá∆o da Rep£blica;;;
25/12/2004;s†bado;Natal;;;
01/01/2005;s†bado;Confraternizaá∆o Universal;;;
07/02/2005;segunda-feira;Carnaval;;;
08/02/2005;teráa-feira;Carnaval;;;
25/03/2005;sexta-feira;Paix∆o de Cristo;;;
21/04/2005;quinta-feira;Tiradentes;;;
01/05/2005;domingo;Dia do Trabalho;;;
26/05/2005;quinta-feira;Corpus Christi;;;
07/09/2005;quarta-feira;Independància do Brasil;;;
12/10/2005;quarta-feira;Nossa Sr.a Aparecida - Padroeira do Brasil;;;
02/11/2005;quarta-feira;Finados;;;
15/11/2005;teráa-feira;Proclamaá∆o da Rep£blica;;;
25/12/2005;domingo;Natal;;;
01/01/2006;domingo;Confraternizaá∆o Universal;;;
27/02/2006;segunda-feira;Carnaval;;;
28/02/2006;teráa-feira;Carnaval;;;
14/04/2006;sexta-feira;Paix∆o de Cristo;;;
21/04/2006;sexta-feira;Tiradentes;;;
01/05/2006;segunda-feira;Dia do Trabalho;;;
15/06/2006;quinta-feira;Corpus Christi;;;
07/09/2006;quinta-feira;Independància do Brasil;;;
12/10/2006;quinta-feira;Nossa Sr.a Aparecida - Padroeira do Brasil;;;
02/11/2006;quinta-feira;Finados;;;
15/11/2006;quarta-feira;Proclamaá∆o da Rep£blica;;;
25/12/2006;segunda-feira;Natal;;;
01/01/2007;segunda-feira;Confraternizaá∆o Universal;;;
19/02/2007;segunda-feira;Carnaval;;;
20/02/2007;teráa-feira;Carnaval;;;
06/04/2007;sexta-feira;Paix∆o de Cristo;;;
21/04/2007;s†bado;Tiradentes;;;
01/05/2007;teráa-feira;Dia do Trabalho;;;
07/06/2007;quinta-feira;Corpus Christi;;;
07/09/2007;sexta-feira;Independància do Brasil;;;
12/10/2007;sexta-feira;Nossa Sr.a Aparecida - Padroeira do Brasil;;;
02/11/2007;sexta-feira;Finados;;;
15/11/2007;quinta-feira;Proclamaá∆o da Rep£blica;;;
25/12/2007;teráa-feira;Natal;;;
01/01/2008;teráa-feira;Confraternizaá∆o Universal;;;
04/02/2008;segunda-feira;Carnaval;;;
05/02/2008;teráa-feira;Carnaval;;;
21/03/2008;sexta-feira;Paix∆o de Cristo;;;
21/04/2008;segunda-feira;Tiradentes;;;
01/05/2008;quinta-feira;Dia do Trabalho;;;
22/05/2008;quinta-feira;Corpus Christi;;;
07/09/2008;domingo;Independància do Brasil;;;
12/10/2008;domingo;Nossa Sr.a Aparecida - Padroeira do Brasil;;;
02/11/2008;domingo;Finados;;;
15/11/2008;s†bado;Proclamaá∆o da Rep£blica;;;
25/12/2008;quinta-feira;Natal;;;
01/01/2009;quinta-feira;Confraternizaá∆o Universal;;;
23/02/2009;segunda-feira;Carnaval;;;
24/02/2009;teráa-feira;Carnaval;;;
10/04/2009;sexta-feira;Paix∆o de Cristo;;;
21/04/2009;teráa-feira;Tiradentes;;;
01/05/2009;sexta-feira;Dia do Trabalho;;;
11/06/2009;quinta-feira;Corpus Christi;;;
07/09/2009;segunda-feira;Independància do Brasil;;;
12/10/2009;segunda-feira;Nossa Sr.a Aparecida - Padroeira do Brasil;;;
02/11/2009;segunda-feira;Finados;;;
15/11/2009;domingo;Proclamaá∆o da Rep£blica;;;
25/12/2009;sexta-feira;Natal;;;
01/01/2010;sexta-feira;Confraternizaá∆o Universal;;;
15/02/2010;segunda-feira;Carnaval;;;
16/02/2010;teráa-feira;Carnaval;;;
02/04/2010;sexta-feira;Paix∆o de Cristo;;;
21/04/2010;quarta-feira;Tiradentes;;;
01/05/2010;s†bado;Dia do Trabalho;;;
03/06/2010;quinta-feira;Corpus Christi;;;
07/09/2010;teráa-feira;Independància do Brasil;;;
12/10/2010;teráa-feira;Nossa Sr.a Aparecida - Padroeira do Brasil;;;
02/11/2010;teráa-feira;Finados;;;
15/11/2010;segunda-feira;Proclamaá∆o da Rep£blica;;;
25/12/2010;s†bado;Natal;;;
01/01/2011;s†bado;Confraternizaá∆o Universal;;;
07/03/2011;segunda-feira;Carnaval;;;
08/03/2011;teráa-feira;Carnaval;;;
21/04/2011;quinta-feira;Paix∆o de Cristo;;;
22/04/2011;sexta-feira;Tiradentes;;;
01/05/2011;domingo;Dia do Trabalho;;;
23/06/2011;quinta-feira;Corpus Christi;;;
07/09/2011;quarta-feira;Independància do Brasil;;;
12/10/2011;quarta-feira;Nossa Sr.a Aparecida - Padroeira do Brasil;;;
02/11/2011;quarta-feira;Finados;;;
15/11/2011;teráa-feira;Proclamaá∆o da Rep£blica;;;
25/12/2011;domingo;Natal;;;
01/01/2012;domingo;Confraternizaá∆o Universal;;;
20/02/2012;segunda-feira;Carnaval;;;
21/02/2012;teráa-feira;Carnaval;;;
06/04/2012;sexta-feira;Paix∆o de Cristo;;;
21/04/2012;s†bado;Tiradentes;;;
01/05/2012;teráa-feira;Dia do Trabalho;;;
07/06/2012;quinta-feira;Corpus Christi;;;
07/09/2012;sexta-feira;Independància do Brasil;;;
12/10/2012;sexta-feira;Nossa Sr.a Aparecida - Padroeira do Brasil;;;
02/11/2012;sexta-feira;Finados;;;
15/11/2012;quinta-feira;Proclamaá∆o da Rep£blica;;;
25/12/2012;teráa-feira;Natal;;;
01/01/2013;teráa-feira;Confraternizaá∆o Universal;;;
11/02/2013;segunda-feira;Carnaval;;;
12/02/2013;teráa-feira;Carnaval;;;
29/03/2013;sexta-feira;Paix∆o de Cristo;;;
21/04/2013;domingo;Tiradentes;;;
01/05/2013;quarta-feira;Dia do Trabalho;;;
30/05/2013;quinta-feira;Corpus Christi;;;
07/09/2013;s†bado;Independància do Brasil;;;
12/10/2013;s†bado;Nossa Sr.a Aparecida - Padroeira do Brasil;;;
02/11/2013;s†bado;Finados;;;
15/11/2013;sexta-feira;Proclamaá∆o da Rep£blica;;;
25/12/2013;quarta-feira;Natal;;;
01/01/2014;quarta-feira;Confraternizaá∆o Universal;;;
03/03/2014;segunda-feira;Carnaval;;;
04/03/2014;teráa-feira;Carnaval;;;
18/04/2014;sexta-feira;Paix∆o de Cristo;;;
21/04/2014;segunda-feira;Tiradentes;;;
01/05/2014;quinta-feira;Dia do Trabalho;;;
19/06/2014;quinta-feira;Corpus Christi;;;
07/09/2014;domingo;Independància do Brasil;;;
12/10/2014;domingo;Nossa Sr.a Aparecida - Padroeira do Brasil;;;
02/11/2014;domingo;Finados;;;
15/11/2014;s†bado;Proclamaá∆o da Rep£blica;;;
25/12/2014;quinta-feira;Natal;;;
01/01/2015;quinta-feira;Confraternizaá∆o Universal;;;
16/02/2015;segunda-feira;Carnaval;;;
17/02/2015;teráa-feira;Carnaval;;;
03/04/2015;sexta-feira;Paix∆o de Cristo;;;
21/04/2015;teráa-feira;Tiradentes;;;
01/05/2015;sexta-feira;Dia do Trabalho;;;
04/06/2015;quinta-feira;Corpus Christi;;;
07/09/2015;segunda-feira;Independància do Brasil;;;
12/10/2015;segunda-feira;Nossa Sr.a Aparecida - Padroeira do Brasil;;;
02/11/2015;segunda-feira;Finados;;;
15/11/2015;domingo;Proclamaá∆o da Rep£blica;;;
25/12/2015;sexta-feira;Natal;;;
01/01/2016;sexta-feira;Confraternizaá∆o Universal;;;
08/02/2016;segunda-feira;Carnaval;;;
09/02/2016;teráa-feira;Carnaval;;;
25/03/2016;sexta-feira;Paix∆o de Cristo;;;
21/04/2016;quinta-feira;Tiradentes;;;
01/05/2016;domingo;Dia do Trabalho;;;
26/05/2016;quinta-feira;Corpus Christi;;;
07/09/2016;quarta-feira;Independància do Brasil;;;
12/10/2016;quarta-feira;Nossa Sr.a Aparecida - Padroeira do Brasil;;;
02/11/2016;quarta-feira;Finados;;;
15/11/2016;teráa-feira;Proclamaá∆o da Rep£blica;;;
25/12/2016;domingo;Natal;;;
01/01/2017;domingo;Confraternizaá∆o Universal;;;
27/02/2017;segunda-feira;Carnaval;;;
28/02/2017;teráa-feira;Carnaval;;;
14/04/2017;sexta-feira;Paix∆o de Cristo;;;
21/04/2017;sexta-feira;Tiradentes;;;
01/05/2017;segunda-feira;Dia do Trabalho;;;
15/06/2017;quinta-feira;Corpus Christi;;;
07/09/2017;quinta-feira;Independància do Brasil;;;
12/10/2017;quinta-feira;Nossa Sr.a Aparecida - Padroeira do Brasil;;;
02/11/2017;quinta-feira;Finados;;;
15/11/2017;quarta-feira;Proclamaá∆o da Rep£blica;;;
25/12/2017;segunda-feira;Natal;;;
01/01/2018;segunda-feira;Confraternizaá∆o Universal;;;
12/02/2018;segunda-feira;Carnaval;;;
13/02/2018;teráa-feira;Carnaval;;;
30/03/2018;sexta-feira;Paix∆o de Cristo;;;
21/04/2018;s†bado;Tiradentes;;;
01/05/2018;teráa-feira;Dia do Trabalho;;;
31/05/2018;quinta-feira;Corpus Christi;;;
07/09/2018;sexta-feira;Independància do Brasil;;;
12/10/2018;sexta-feira;Nossa Sr.a Aparecida - Padroeira do Brasil;;;
02/11/2018;sexta-feira;Finados;;;
15/11/2018;quinta-feira;Proclamaá∆o da Rep£blica;;;
25/12/2018;teráa-feira;Natal;;;
01/01/2019;teráa-feira;Confraternizaá∆o Universal;;;
04/03/2019;segunda-feira;Carnaval;;;
05/03/2019;teráa-feira;Carnaval;;;
19/04/2019;sexta-feira;Paix∆o de Cristo;;;
21/04/2019;domingo;Tiradentes;;;
01/05/2019;quarta-feira;Dia do Trabalho;;;
20/06/2019;quinta-feira;Corpus Christi;;;
07/09/2019;s†bado;Independància do Brasil;;;
12/10/2019;s†bado;Nossa Sr.a Aparecida - Padroeira do Brasil;;;
02/11/2019;s†bado;Finados;;;
15/11/2019;sexta-feira;Proclamaá∆o da Rep£blica;;;
25/12/2019;quarta-feira;Natal;;;
01/01/2020;quarta-feira;Confraternizaá∆o Universal;;;
24/02/2020;segunda-feira;Carnaval;;;
25/02/2020;teráa-feira;Carnaval;;;
10/04/2020;sexta-feira;Paix∆o de Cristo;;;
21/04/2020;teráa-feira;Tiradentes;;;
01/05/2020;sexta-feira;Dia do Trabalho;;;
11/06/2020;quinta-feira;Corpus Christi;;;
07/09/2020;segunda-feira;Independància do Brasil;;;
12/10/2020;segunda-feira;Nossa Sr.a Aparecida - Padroeira do Brasil;;;
02/11/2020;segunda-feira;Finados;;;
15/11/2020;domingo;Proclamaá∆o da Rep£blica;;;
25/12/2020;sexta-feira;Natal;;;
01/01/2021;sexta-feira;Confraternizaá∆o Universal;;;
15/02/2021;segunda-feira;Carnaval;;;
16/02/2021;teráa-feira;Carnaval;;;
02/04/2021;sexta-feira;Paix∆o de Cristo;;;
21/04/2021;quarta-feira;Tiradentes;;;
01/05/2021;s†bado;Dia do Trabalho;;;
03/06/2021;quinta-feira;Corpus Christi;;;
07/09/2021;teráa-feira;Independància do Brasil;;;
12/10/2021;teráa-feira;Nossa Sr.a Aparecida - Padroeira do Brasil;;;
02/11/2021;teráa-feira;Finados;;;
15/11/2021;segunda-feira;Proclamaá∆o da Rep£blica;;;
25/12/2021;s†bado;Natal;;;
01/01/2022;s†bado;Confraternizaá∆o Universal;;;
28/02/2022;segunda-feira;Carnaval;;;
01/03/2022;teráa-feira;Carnaval;;;
15/04/2022;sexta-feira;Paix∆o de Cristo;;;
21/04/2022;quinta-feira;Tiradentes;;;
01/05/2022;domingo;Dia do Trabalho;;;
16/06/2022;quinta-feira;Corpus Christi;;;
07/09/2022;quarta-feira;Independància do Brasil;;;
12/10/2022;quarta-feira;Nossa Sr.a Aparecida - Padroeira do Brasil;;;
02/11/2022;quarta-feira;Finados;;;
15/11/2022;teráa-feira;Proclamaá∆o da Rep£blica;;;
25/12/2022;domingo;Natal;;;
01/01/2023;domingo;Confraternizaá∆o Universal;;;
20/02/2023;segunda-feira;Carnaval;;;
21/02/2023;teráa-feira;Carnaval;;;
07/04/2023;sexta-feira;Paix∆o de Cristo;;;
21/04/2023;sexta-feira;Tiradentes;;;
01/05/2023;segunda-feira;Dia do Trabalho;;;
08/06/2023;quinta-feira;Corpus Christi;;;
07/09/2023;quinta-feira;Independància do Brasil;;;
12/10/2023;quinta-feira;Nossa Sr.a Aparecida - Padroeira do Brasil;;;
02/11/2023;quinta-feira;Finados;;;
15/11/2023;quarta-feira;Proclamaá∆o da Rep£blica;;;
25/12/2023;segunda-feira;Natal;;;
01/01/2024;segunda-feira;Confraternizaá∆o Universal;;;
12/02/2024;segunda-feira;Carnaval;;;
13/02/2024;teráa-feira;Carnaval;;;
29/03/2024;sexta-feira;Paix∆o de Cristo;;;
21/04/2024;domingo;Tiradentes;;;
01/05/2024;quarta-feira;Dia do Trabalho;;;
30/05/2024;quinta-feira;Corpus Christi;;;
07/09/2024;s†bado;Independància do Brasil;;;
12/10/2024;s†bado;Nossa Sr.a Aparecida - Padroeira do Brasil;;;
02/11/2024;s†bado;Finados;;;
15/11/2024;sexta-feira;Proclamaá∆o da Rep£blica;;;
25/12/2024;quarta-feira;Natal;;;
01/01/2025;quarta-feira;Confraternizaá∆o Universal;;;
03/03/2025;segunda-feira;Carnaval;;;
04/03/2025;teráa-feira;Carnaval;;;
18/04/2025;sexta-feira;Paix∆o de Cristo;;;
21/04/2025;segunda-feira;Tiradentes;;;
01/05/2025;quinta-feira;Dia do Trabalho;;;
19/06/2025;quinta-feira;Corpus Christi;;;
07/09/2025;domingo;Independància do Brasil;;;
12/10/2025;domingo;Nossa Sr.a Aparecida - Padroeira do Brasil;;;
02/11/2025;domingo;Finados;;;
15/11/2025;s†bado;Proclamaá∆o da Rep£blica;;;
25/12/2025;quinta-feira;Natal;;;
01/01/2026;quinta-feira;Confraternizaá∆o Universal;;;
16/02/2026;segunda-feira;Carnaval;;;
17/02/2026;teráa-feira;Carnaval;;;
03/04/2026;sexta-feira;Paix∆o de Cristo;;;
21/04/2026;teráa-feira;Tiradentes;;;
01/05/2026;sexta-feira;Dia do Trabalho;;;
04/06/2026;quinta-feira;Corpus Christi;;;
07/09/2026;segunda-feira;Independància do Brasil;;;
12/10/2026;segunda-feira;Nossa Sr.a Aparecida - Padroeira do Brasil;;;
02/11/2026;segunda-feira;Finados;;;
15/11/2026;domingo;Proclamaá∆o da Rep£blica;;;
25/12/2026;sexta-feira;Natal;;;
01/01/2027;sexta-feira;Confraternizaá∆o Universal;;;
08/02/2027;segunda-feira;Carnaval;;;
09/02/2027;teráa-feira;Carnaval;;;
26/03/2027;sexta-feira;Paix∆o de Cristo;;;
21/04/2027;quarta-feira;Tiradentes;;;
01/05/2027;s†bado;Dia do Trabalho;;;
27/05/2027;quinta-feira;Corpus Christi;;;
07/09/2027;teráa-feira;Independància do Brasil;;;
12/10/2027;teráa-feira;Nossa Sr.a Aparecida - Padroeira do Brasil;;;
02/11/2027;teráa-feira;Finados;;;
15/11/2027;segunda-feira;Proclamaá∆o da Rep£blica;;;
25/12/2027;s†bado;Natal;;;
01/01/2028;s†bado;Confraternizaá∆o Universal;;;
28/02/2028;segunda-feira;Carnaval;;;
29/02/2028;teráa-feira;Carnaval;;;
14/04/2028;sexta-feira;Paix∆o de Cristo;;;
21/04/2028;sexta-feira;Tiradentes;;;
01/05/2028;segunda-feira;Dia do Trabalho;;;
15/06/2028;quinta-feira;Corpus Christi;;;
07/09/2028;quinta-feira;Independància do Brasil;;;
12/10/2028;quinta-feira;Nossa Sr.a Aparecida - Padroeira do Brasil;;;
02/11/2028;quinta-feira;Finados;;;
15/11/2028;quarta-feira;Proclamaá∆o da Rep£blica;;;
25/12/2028;segunda-feira;Natal;;;
01/01/2029;segunda-feira;Confraternizaá∆o Universal;;;
12/02/2029;segunda-feira;Carnaval;;;
13/02/2029;teráa-feira;Carnaval;;;
30/03/2029;sexta-feira;Paix∆o de Cristo;;;
21/04/2029;s†bado;Tiradentes;;;
01/05/2029;teráa-feira;Dia do Trabalho;;;
31/05/2029;quinta-feira;Corpus Christi;;;
07/09/2029;sexta-feira;Independància do Brasil;;;
12/10/2029;sexta-feira;Nossa Sr.a Aparecida - Padroeira do Brasil;;;
02/11/2029;sexta-feira;Finados;;;
15/11/2029;quinta-feira;Proclamaá∆o da Rep£blica;;;
25/12/2029;teráa-feira;Natal;;;
01/01/2030;teráa-feira;Confraternizaá∆o Universal;;;
04/03/2030;segunda-feira;Carnaval;;;
05/03/2030;teráa-feira;Carnaval;;;
19/04/2030;sexta-feira;Paix∆o de Cristo;;;
21/04/2030;domingo;Tiradentes;;;
01/05/2030;quarta-feira;Dia do Trabalho;;;
20/06/2030;quinta-feira;Corpus Christi;;;
07/09/2030;s†bado;Independància do Brasil;;;
12/10/2030;s†bado;Nossa Sr.a Aparecida - Padroeira do Brasil;;;
02/11/2030;s†bado;Finados;;;
15/11/2030;sexta-feira;Proclamaá∆o da Rep£blica;;;
25/12/2030;quarta-feira;Natal;;;
01/01/2031;quarta-feira;Confraternizaá∆o Universal;;;
24/02/2031;segunda-feira;Carnaval;;;
25/02/2031;teráa-feira;Carnaval;;;
11/04/2031;sexta-feira;Paix∆o de Cristo;;;
21/04/2031;segunda-feira;Tiradentes;;;
01/05/2031;quinta-feira;Dia do Trabalho;;;
12/06/2031;quinta-feira;Corpus Christi;;;
07/09/2031;domingo;Independància do Brasil;;;
12/10/2031;domingo;Nossa Sr.a Aparecida - Padroeira do Brasil;;;
02/11/2031;domingo;Finados;;;
15/11/2031;s†bado;Proclamaá∆o da Rep£blica;;;
25/12/2031;quinta-feira;Natal;;;
01/01/2032;quinta-feira;Confraternizaá∆o Universal;;;
09/02/2032;segunda-feira;Carnaval;;;
10/02/2032;teráa-feira;Carnaval;;;
26/03/2032;sexta-feira;Paix∆o de Cristo;;;
21/04/2032;quarta-feira;Tiradentes;;;
01/05/2032;s†bado;Dia do Trabalho;;;
27/05/2032;quinta-feira;Corpus Christi;;;
07/09/2032;teráa-feira;Independància do Brasil;;;
12/10/2032;teráa-feira;Nossa Sr.a Aparecida - Padroeira do Brasil;;;
02/11/2032;teráa-feira;Finados;;;
15/11/2032;segunda-feira;Proclamaá∆o da Rep£blica;;;
25/12/2032;s†bado;Natal;;;
01/01/2033;s†bado;Confraternizaá∆o Universal;;;
28/02/2033;segunda-feira;Carnaval;;;
01/03/2033;teráa-feira;Carnaval;;;
15/04/2033;sexta-feira;Paix∆o de Cristo;;;
21/04/2033;quinta-feira;Tiradentes;;;
01/05/2033;domingo;Dia do Trabalho;;;
16/06/2033;quinta-feira;Corpus Christi;;;
07/09/2033;quarta-feira;Independància do Brasil;;;
12/10/2033;quarta-feira;Nossa Sr.a Aparecida - Padroeira do Brasil;;;
02/11/2033;quarta-feira;Finados;;;
15/11/2033;teráa-feira;Proclamaá∆o da Rep£blica;;;
25/12/2033;domingo;Natal;;;
01/01/2034;domingo;Confraternizaá∆o Universal;;;
20/02/2034;segunda-feira;Carnaval;;;
21/02/2034;teráa-feira;Carnaval;;;
07/04/2034;sexta-feira;Paix∆o de Cristo;;;
21/04/2034;sexta-feira;Tiradentes;;;
01/05/2034;segunda-feira;Dia do Trabalho;;;
08/06/2034;quinta-feira;Corpus Christi;;;
07/09/2034;quinta-feira;Independància do Brasil;;;
12/10/2034;quinta-feira;Nossa Sr.a Aparecida - Padroeira do Brasil;;;
02/11/2034;quinta-feira;Finados;;;
15/11/2034;quarta-feira;Proclamaá∆o da Rep£blica;;;
25/12/2034;segunda-feira;Natal;;;
01/01/2035;segunda-feira;Confraternizaá∆o Universal;;;
05/02/2035;segunda-feira;Carnaval;;;
06/02/2035;teráa-feira;Carnaval;;;
23/03/2035;sexta-feira;Paix∆o de Cristo;;;
21/04/2035;s†bado;Tiradentes;;;
01/05/2035;teráa-feira;Dia do Trabalho;;;
24/05/2035;quinta-feira;Corpus Christi;;;
07/09/2035;sexta-feira;Independància do Brasil;;;
12/10/2035;sexta-feira;Nossa Sr.a Aparecida - Padroeira do Brasil;;;
02/11/2035;sexta-feira;Finados;;;
15/11/2035;quinta-feira;Proclamaá∆o da Rep£blica;;;
25/12/2035;teráa-feira;Natal;;;
01/01/2036;teráa-feira;Confraternizaá∆o Universal;;;
25/02/2036;segunda-feira;Carnaval;;;
26/02/2036;teráa-feira;Carnaval;;;
11/04/2036;sexta-feira;Paix∆o de Cristo;;;
21/04/2036;segunda-feira;Tiradentes;;;
01/05/2036;quinta-feira;Dia do Trabalho;;;
12/06/2036;quinta-feira;Corpus Christi;;;
07/09/2036;domingo;Independància do Brasil;;;
12/10/2036;domingo;Nossa Sr.a Aparecida - Padroeira do Brasil;;;
02/11/2036;domingo;Finados;;;
15/11/2036;s†bado;Proclamaá∆o da Rep£blica;;;
25/12/2036;quinta-feira;Natal;;;
01/01/2037;quinta-feira;Confraternizaá∆o Universal;;;
16/02/2037;segunda-feira;Carnaval;;;
17/02/2037;teráa-feira;Carnaval;;;
03/04/2037;sexta-feira;Paix∆o de Cristo;;;
21/04/2037;teráa-feira;Tiradentes;;;
01/05/2037;sexta-feira;Dia do Trabalho;;;
04/06/2037;quinta-feira;Corpus Christi;;;
07/09/2037;segunda-feira;Independància do Brasil;;;
12/10/2037;segunda-feira;Nossa Sr.a Aparecida - Padroeira do Brasil;;;
02/11/2037;segunda-feira;Finados;;;
15/11/2037;domingo;Proclamaá∆o da Rep£blica;;;
25/12/2037;sexta-feira;Natal;;;
01/01/2038;sexta-feira;Confraternizaá∆o Universal;;;
08/03/2038;segunda-feira;Carnaval;;;
09/03/2038;teráa-feira;Carnaval;;;
21/04/2038;quarta-feira;Tiradentes;;;
23/04/2038;sexta-feira;Paix∆o de Cristo;;;
01/05/2038;s†bado;Dia do Trabalho;;;
24/06/2038;quinta-feira;Corpus Christi;;;
07/09/2038;teráa-feira;Independància do Brasil;;;
12/10/2038;teráa-feira;Nossa Sr.a Aparecida - Padroeira do Brasil;;;
02/11/2038;teráa-feira;Finados;;;
15/11/2038;segunda-feira;Proclamaá∆o da Rep£blica;;;
25/12/2038;s†bado;Natal;;;
01/01/2039;s†bado;Confraternizaá∆o Universal;;;
21/02/2039;segunda-feira;Carnaval;;;
22/02/2039;teráa-feira;Carnaval;;;
08/04/2039;sexta-feira;Paix∆o de Cristo;;;
21/04/2039;quinta-feira;Tiradentes;;;
01/05/2039;domingo;Dia do Trabalho;;;
09/06/2039;quinta-feira;Corpus Christi;;;
07/09/2039;quarta-feira;Independància do Brasil;;;
12/10/2039;quarta-feira;Nossa Sr.a Aparecida - Padroeira do Brasil;;;
02/11/2039;quarta-feira;Finados;;;
15/11/2039;teráa-feira;Proclamaá∆o da Rep£blica;;;
25/12/2039;domingo;Natal;;;
01/01/2040;domingo;Confraternizaá∆o Universal;;;
13/02/2040;segunda-feira;Carnaval;;;
14/02/2040;teráa-feira;Carnaval;;;
30/03/2040;sexta-feira;Paix∆o de Cristo;;;
21/04/2040;s†bado;Tiradentes;;;
01/05/2040;teráa-feira;Dia do Trabalho;;;
31/05/2040;quinta-feira;Corpus Christi;;;
07/09/2040;sexta-feira;Independància do Brasil;;;
12/10/2040;sexta-feira;Nossa Sr.a Aparecida - Padroeira do Brasil;;;
02/11/2040;sexta-feira;Finados;;;
15/11/2040;quinta-feira;Proclamaá∆o da Rep£blica;;;
25/12/2040;teráa-feira;Natal;;;
01/01/2041;teráa-feira;Confraternizaá∆o Universal;;;
04/03/2041;segunda-feira;Carnaval;;;
05/03/2041;teráa-feira;Carnaval;;;
19/04/2041;sexta-feira;Paix∆o de Cristo;;;
21/04/2041;domingo;Tiradentes;;;
01/05/2041;quarta-feira;Dia do Trabalho;;;
20/06/2041;quinta-feira;Corpus Christi;;;
07/09/2041;s†bado;Independància do Brasil;;;
12/10/2041;s†bado;Nossa Sr.a Aparecida - Padroeira do Brasil;;;
02/11/2041;s†bado;Finados;;;
15/11/2041;sexta-feira;Proclamaá∆o da Rep£blica;;;
25/12/2041;quarta-feira;Natal;;;
01/01/2042;quarta-feira;Confraternizaá∆o Universal;;;
17/02/2042;segunda-feira;Carnaval;;;
18/02/2042;teráa-feira;Carnaval;;;
04/04/2042;sexta-feira;Paix∆o de Cristo;;;
21/04/2042;segunda-feira;Tiradentes;;;
01/05/2042;quinta-feira;Dia do Trabalho;;;
05/06/2042;quinta-feira;Corpus Christi;;;
07/09/2042;domingo;Independància do Brasil;;;
12/10/2042;domingo;Nossa Sr.a Aparecida - Padroeira do Brasil;;;
02/11/2042;domingo;Finados;;;
15/11/2042;s†bado;Proclamaá∆o da Rep£blica;;;
25/12/2042;quinta-feira;Natal;;;
01/01/2043;quinta-feira;Confraternizaá∆o Universal;;;
09/02/2043;segunda-feira;Carnaval;;;
10/02/2043;teráa-feira;Carnaval;;;
27/03/2043;sexta-feira;Paix∆o de Cristo;;;
21/04/2043;teráa-feira;Tiradentes;;;
01/05/2043;sexta-feira;Dia do Trabalho;;;
28/05/2043;quinta-feira;Corpus Christi;;;
07/09/2043;segunda-feira;Independància do Brasil;;;
12/10/2043;segunda-feira;Nossa Sr.a Aparecida - Padroeira do Brasil;;;
02/11/2043;segunda-feira;Finados;;;
15/11/2043;domingo;Proclamaá∆o da Rep£blica;;;
25/12/2043;sexta-feira;Natal;;;
01/01/2044;sexta-feira;Confraternizaá∆o Universal;;;
29/02/2044;segunda-feira;Carnaval;;;
01/03/2044;teráa-feira;Carnaval;;;
15/04/2044;sexta-feira;Paix∆o de Cristo;;;
21/04/2044;quinta-feira;Tiradentes;;;
01/05/2044;domingo;Dia do Trabalho;;;
16/06/2044;quinta-feira;Corpus Christi;;;
07/09/2044;quarta-feira;Independància do Brasil;;;
12/10/2044;quarta-feira;Nossa Sr.a Aparecida - Padroeira do Brasil;;;
02/11/2044;quarta-feira;Finados;;;
15/11/2044;teráa-feira;Proclamaá∆o da Rep£blica;;;
25/12/2044;domingo;Natal;;;
01/01/2045;domingo;Confraternizaá∆o Universal;;;
20/02/2045;segunda-feira;Carnaval;;;
21/02/2045;teráa-feira;Carnaval;;;
07/04/2045;sexta-feira;Paix∆o de Cristo;;;
21/04/2045;sexta-feira;Tiradentes;;;
01/05/2045;segunda-feira;Dia do Trabalho;;;
08/06/2045;quinta-feira;Corpus Christi;;;
07/09/2045;quinta-feira;Independància do Brasil;;;
12/10/2045;quinta-feira;Nossa Sr.a Aparecida - Padroeira do Brasil;;;
02/11/2045;quinta-feira;Finados;;;
15/11/2045;quarta-feira;Proclamaá∆o da Rep£blica;;;
25/12/2045;segunda-feira;Natal;;;
01/01/2046;segunda-feira;Confraternizaá∆o Universal;;;
05/02/2046;segunda-feira;Carnaval;;;
06/02/2046;teráa-feira;Carnaval;;;
23/03/2046;sexta-feira;Paix∆o de Cristo;;;
21/04/2046;s†bado;Tiradentes;;;
01/05/2046;teráa-feira;Dia do Trabalho;;;
24/05/2046;quinta-feira;Corpus Christi;;;
07/09/2046;sexta-feira;Independància do Brasil;;;
12/10/2046;sexta-feira;Nossa Sr.a Aparecida - Padroeira do Brasil;;;
02/11/2046;sexta-feira;Finados;;;
15/11/2046;quinta-feira;Proclamaá∆o da Rep£blica;;;
25/12/2046;teráa-feira;Natal;;;
01/01/2047;teráa-feira;Confraternizaá∆o Universal;;;
25/02/2047;segunda-feira;Carnaval;;;
26/02/2047;teráa-feira;Carnaval;;;
12/04/2047;sexta-feira;Paix∆o de Cristo;;;
21/04/2047;teráa-feira;Tiradentes;;;
01/05/2047;quarta-feira;Dia do Trabalho;;;
13/06/2047;quinta-feira;Corpus Christi;;;
07/09/2047;s†bado;Independància do Brasil;;;
12/10/2047;s†bado;Nossa Sr.a Aparecida - Padroeira do Brasil;;;
02/11/2047;s†bado;Finados;;;
15/11/2047;sexta-feira;Proclamaá∆o da Rep£blica;;;
25/12/2047;quarta-feira;Natal;;;
01/01/2048;quarta-feira;Confraternizaá∆o Universal;;;
17/02/2048;segunda-feira;Carnaval;;;
18/02/2048;teráa-feira;Carnaval;;;
03/04/2048;sexta-feira;Paix∆o de Cristo;;;
21/04/2048;teráa-feira;Tiradentes;;;
01/05/2048;sexta-feira;Dia do Trabalho;;;
04/06/2048;quinta-feira;Corpus Christi;;;
07/09/2048;segunda-feira;Independància do Brasil;;;
12/10/2048;segunda-feira;Nossa Sr.a Aparecida - Padroeira do Brasil;;;
02/11/2048;segunda-feira;Finados;;;
15/11/2048;domingo;Proclamaá∆o da Rep£blica;;;
25/12/2048;sexta-feira;Natal;;;
01/01/2049;sexta-feira;Confraternizaá∆o Universal;;;
01/03/2049;segunda-feira;Carnaval;;;
02/03/2049;teráa-feira;Carnaval;;;
16/04/2049;sexta-feira;Paix∆o de Cristo;;;
21/04/2049;quarta-feira;Tiradentes;;;
01/05/2049;s†bado;Dia do Trabalho;;;
17/06/2049;quinta-feira;Corpus Christi;;;
07/09/2049;teráa-feira;Independància do Brasil;;;
12/10/2049;teráa-feira;Nossa Sr.a Aparecida - Padroeira do Brasil;;;
02/11/2049;teráa-feira;Finados;;;
15/11/2049;segunda-feira;Proclamaá∆o da Rep£blica;;;
25/12/2049;s†bado;Natal;;;
01/01/2050;s†bado;Confraternizaá∆o Universal;;;
21/02/2050;segunda-feira;Carnaval;;;
22/02/2050;teráa-feira;Carnaval;;;
08/04/2050;sexta-feira;Paix∆o de Cristo;;;
21/04/2050;quinta-feira;Tiradentes;;;
01/05/2050;domingo;Dia do Trabalho;;;
09/06/2050;quinta-feira;Corpus Christi;;;
07/09/2050;quarta-feira;Independància do Brasil;;;
12/10/2050;quarta-feira;Nossa Sr.a Aparecida - Padroeira do Brasil;;;
02/11/2050;quarta-feira;Finados;;;
15/11/2050;teráa-feira;Proclamaá∆o da Rep£blica;;;
25/12/2050;domingo;Natal;;;
01/01/2051;domingo;Confraternizaá∆o Universal;;;
13/02/2051;segunda-feira;Carnaval;;;
14/02/2051;teráa-feira;Carnaval;;;
31/03/2051;sexta-feira;Paix∆o de Cristo;;;
21/04/2051;sexta-feira;Tiradentes;;;
01/05/2051;segunda-feira;Dia do Trabalho;;;
01/06/2051;quinta-feira;Corpus Christi;;;
07/09/2051;quinta-feira;Independància do Brasil;;;
12/10/2051;quinta-feira;Nossa Sr.a Aparecida - Padroeira do Brasil;;;
02/11/2051;quinta-feira;Finados;;;
15/11/2051;quarta-feira;Proclamaá∆o da Rep£blica;;;
25/12/2051;segunda-feira;Natal;;;
01/01/2052;segunda-feira;Confraternizaá∆o Universal;;;
04/03/2052;segunda-feira;Carnaval;;;
05/03/2052;teráa-feira;Carnaval;;;
19/04/2052;sexta-feira;Paix∆o de Cristo;;;
21/04/2052;domingo;Tiradentes;;;
01/05/2052;quarta-feira;Dia do Trabalho;;;
20/06/2052;quinta-feira;Corpus Christi;;;
07/09/2052;s†bado;Independància do Brasil;;;
12/10/2052;s†bado;Nossa Sr.a Aparecida - Padroeira do Brasil;;;
02/11/2052;s†bado;Finados;;;
15/11/2052;sexta-feira;Proclamaá∆o da Rep£blica;;;
25/12/2052;quarta-feira;Natal;;;
01/01/2053;quarta-feira;Confraternizaá∆o Universal;;;
17/02/2053;segunda-feira;Carnaval;;;
18/02/2053;teráa-feira;Carnaval;;;
04/04/2053;sexta-feira;Paix∆o de Cristo;;;
21/04/2053;segunda-feira;Tiradentes;;;
01/05/2053;quinta-feira;Dia do Trabalho;;;
05/06/2053;quinta-feira;Corpus Christi;;;
07/09/2053;domingo;Independància do Brasil;;;
12/10/2053;domingo;Nossa Sr.a Aparecida - Padroeira do Brasil;;;
02/11/2053;domingo;Finados;;;
15/11/2053;s†bado;Proclamaá∆o da Rep£blica;;;
25/12/2053;quinta-feira;Natal;;;
01/01/2054;quinta-feira;Confraternizaá∆o Universal;;;
09/02/2054;segunda-feira;Carnaval;;;
10/02/2054;teráa-feira;Carnaval;;;
27/03/2054;sexta-feira;Paix∆o de Cristo;;;
21/04/2054;teráa-feira;Tiradentes;;;
01/05/2054;sexta-feira;Dia do Trabalho;;;
28/05/2054;quinta-feira;Corpus Christi;;;
07/09/2054;segunda-feira;Independància do Brasil;;;
12/10/2054;segunda-feira;Nossa Sr.a Aparecida - Padroeira do Brasil;;;
02/11/2054;segunda-feira;Finados;;;
15/11/2054;domingo;Proclamaá∆o da Rep£blica;;;
25/12/2054;sexta-feira;Natal;;;
01/01/2055;sexta-feira;Confraternizaá∆o Universal;;;
01/03/2055;segunda-feira;Carnaval;;;
02/03/2055;teráa-feira;Carnaval;;;
16/04/2055;sexta-feira;Paix∆o de Cristo;;;
21/04/2055;quarta-feira;Tiradentes;;;
01/05/2055;s†bado;Dia do Trabalho;;;
17/06/2055;quinta-feira;Corpus Christi;;;
07/09/2055;teráa-feira;Independància do Brasil;;;
12/10/2055;teráa-feira;Nossa Sr.a Aparecida - Padroeira do Brasil;;;
02/11/2055;teráa-feira;Finados;;;
15/11/2055;segunda-feira;Proclamaá∆o da Rep£blica;;;
25/12/2055;s†bado;Natal;;;
01/01/2056;s†bado;Confraternizaá∆o Universal;;;
14/02/2056;segunda-feira;Carnaval;;;
15/02/2056;teráa-feira;Carnaval;;;
31/03/2056;sexta-feira;Paix∆o de Cristo;;;
21/04/2056;sexta-feira;Tiradentes;;;
01/05/2056;segunda-feira;Dia do Trabalho;;;
01/06/2056;quinta-feira;Corpus Christi;;;
07/09/2056;quinta-feira;Independància do Brasil;;;
12/10/2056;quinta-feira;Nossa Sr.a Aparecida - Padroeira do Brasil;;;
02/11/2056;quinta-feira;Finados;;;
15/11/2056;quarta-feira;Proclamaá∆o da Rep£blica;;;
25/12/2056;segunda-feira;Natal;;;
01/01/2057;segunda-feira;Confraternizaá∆o Universal;;;
05/03/2057;segunda-feira;Carnaval;;;
06/03/2057;teráa-feira;Carnaval;;;
20/04/2057;sexta-feira;Paix∆o de Cristo;;;
21/04/2057;s†bado;Tiradentes;;;
01/05/2057;teráa-feira;Dia do Trabalho;;;
21/06/2057;quinta-feira;Corpus Christi;;;
07/09/2057;sexta-feira;Independància do Brasil;;;
12/10/2057;sexta-feira;Nossa Sr.a Aparecida - Padroeira do Brasil;;;
02/11/2057;sexta-feira;Finados;;;
15/11/2057;quinta-feira;Proclamaá∆o da Rep£blica;;;
25/12/2057;teráa-feira;Natal;;;
01/01/2058;teráa-feira;Confraternizaá∆o Universal;;;
25/02/2058;segunda-feira;Carnaval;;;
26/02/2058;teráa-feira;Carnaval;;;
12/04/2058;sexta-feira;Paix∆o de Cristo;;;
21/04/2058;domingo;Tiradentes;;;
01/05/2058;quarta-feira;Dia do Trabalho;;;
13/06/2058;quinta-feira;Corpus Christi;;;
07/09/2058;s†bado;Independància do Brasil;;;
12/10/2058;s†bado;Nossa Sr.a Aparecida - Padroeira do Brasil;;;
02/11/2058;s†bado;Finados;;;
15/11/2058;sexta-feira;Proclamaá∆o da Rep£blica;;;
25/12/2058;quarta-feira;Natal;;;
01/01/2059;quarta-feira;Confraternizaá∆o Universal;;;
10/02/2059;segunda-feira;Carnaval;;;
11/02/2059;teráa-feira;Carnaval;;;
28/03/2059;sexta-feira;Paix∆o de Cristo;;;
21/04/2059;segunda-feira;Tiradentes;;;
01/05/2059;quinta-feira;Dia do Trabalho;;;
29/05/2059;quinta-feira;Corpus Christi;;;
07/09/2059;domingo;Independància do Brasil;;;
12/10/2059;domingo;Nossa Sr.a Aparecida - Padroeira do Brasil;;;
02/11/2059;domingo;Finados;;;
15/11/2059;s†bado;Proclamaá∆o da Rep£blica;;;
25/12/2059;quinta-feira;Natal;;;
01/01/2060;quinta-feira;Confraternizaá∆o Universal;;;
01/03/2060;segunda-feira;Carnaval;;;
02/03/2060;teráa-feira;Carnaval;;;
16/04/2060;sexta-feira;Paix∆o de Cristo;;;
21/04/2060;quarta-feira;Tiradentes;;;
01/05/2060;s†bado;Dia do Trabalho;;;
17/06/2060;quinta-feira;Corpus Christi;;;
07/09/2060;teráa-feira;Independància do Brasil;;;
12/10/2060;teráa-feira;Nossa Sr.a Aparecida - Padroeira do Brasil;;;
02/11/2060;teráa-feira;Finados;;;
15/11/2060;segunda-feira;Proclamaá∆o da Rep£blica;;;
25/12/2060;s†bado;Natal;;;
01/01/2061;s†bado;Confraternizaá∆o Universal;;;
21/02/2061;segunda-feira;Carnaval;;;
22/02/2061;teráa-feira;Carnaval;;;
08/04/2061;sexta-feira;Paix∆o de Cristo;;;
21/04/2061;quinta-feira;Tiradentes;;;
01/05/2061;domingo;Dia do Trabalho;;;
09/06/2061;quinta-feira;Corpus Christi;;;
07/09/2061;quarta-feira;Independància do Brasil;;;
12/10/2061;quarta-feira;Nossa Sr.a Aparecida - Padroeira do Brasil;;;
02/11/2061;quarta-feira;Finados;;;
15/11/2061;teráa-feira;Proclamaá∆o da Rep£blica;;;
25/12/2061;domingo;Natal;;;
01/01/2062;domingo;Confraternizaá∆o Universal;;;
06/02/2062;segunda-feira;Carnaval;;;
07/02/2062;teráa-feira;Carnaval;;;
24/03/2062;sexta-feira;Paix∆o de Cristo;;;
21/04/2062;sexta-feira;Tiradentes;;;
01/05/2062;segunda-feira;Dia do Trabalho;;;
25/05/2062;quinta-feira;Corpus Christi;;;
07/09/2062;quinta-feira;Independància do Brasil;;;
12/10/2062;quinta-feira;Nossa Sr.a Aparecida - Padroeira do Brasil;;;
02/11/2062;quinta-feira;Finados;;;
15/11/2062;quarta-feira;Proclamaá∆o da Rep£blica;;;
25/12/2062;segunda-feira;Natal;;;
01/01/2063;segunda-feira;Confraternizaá∆o Universal;;;
26/02/2063;segunda-feira;Carnaval;;;
27/02/2063;teráa-feira;Carnaval;;;
13/04/2063;sexta-feira;Paix∆o de Cristo;;;
21/04/2063;s†bado;Tiradentes;;;
01/05/2063;teráa-feira;Dia do Trabalho;;;
14/06/2063;quinta-feira;Corpus Christi;;;
07/09/2063;sexta-feira;Independància do Brasil;;;
12/10/2063;sexta-feira;Nossa Sr.a Aparecida - Padroeira do Brasil;;;
02/11/2063;sexta-feira;Finados;;;
15/11/2063;quinta-feira;Proclamaá∆o da Rep£blica;;;
25/12/2063;teráa-feira;Natal;;;
01/01/2064;teráa-feira;Confraternizaá∆o Universal;;;
18/02/2064;segunda-feira;Carnaval;;;
19/02/2064;teráa-feira;Carnaval;;;
04/04/2064;sexta-feira;Paix∆o de Cristo;;;
21/04/2064;segunda-feira;Tiradentes;;;
01/05/2064;quinta-feira;Dia do Trabalho;;;
05/06/2064;quinta-feira;Corpus Christi;;;
07/09/2064;domingo;Independància do Brasil;;;
12/10/2064;domingo;Nossa Sr.a Aparecida - Padroeira do Brasil;;;
02/11/2064;domingo;Finados;;;
15/11/2064;s†bado;Proclamaá∆o da Rep£blica;;;
25/12/2064;quinta-feira;Natal;;;
01/01/2065;quinta-feira;Confraternizaá∆o Universal;;;
09/02/2065;segunda-feira;Carnaval;;;
10/02/2065;teráa-feira;Carnaval;;;
27/03/2065;sexta-feira;Paix∆o de Cristo;;;
21/04/2065;teráa-feira;Tiradentes;;;
01/05/2065;sexta-feira;Dia do Trabalho;;;
28/05/2065;quinta-feira;Corpus Christi;;;
07/09/2065;segunda-feira;Independància do Brasil;;;
12/10/2065;segunda-feira;Nossa Sr.a Aparecida - Padroeira do Brasil;;;
02/11/2065;segunda-feira;Finados;;;
15/11/2065;domingo;Proclamaá∆o da Rep£blica;;;
25/12/2065;sexta-feira;Natal;;;
01/01/2066;sexta-feira;Confraternizaá∆o Universal;;;
22/02/2066;segunda-feira;Carnaval;;;
23/02/2066;teráa-feira;Carnaval;;;
09/04/2066;sexta-feira;Paix∆o de Cristo;;;
21/04/2066;quarta-feira;Tiradentes;;;
01/05/2066;s†bado;Dia do Trabalho;;;
10/06/2066;quinta-feira;Corpus Christi;;;
07/09/2066;teráa-feira;Independància do Brasil;;;
12/10/2066;teráa-feira;Nossa Sr.a Aparecida - Padroeira do Brasil;;;
02/11/2066;teráa-feira;Finados;;;
15/11/2066;segunda-feira;Proclamaá∆o da Rep£blica;;;
25/12/2066;s†bado;Natal;;;
01/01/2067;s†bado;Confraternizaá∆o Universal;;;
14/02/2067;segunda-feira;Carnaval;;;
15/02/2067;teráa-feira;Carnaval;;;
01/04/2067;sexta-feira;Paix∆o de Cristo;;;
21/04/2067;quinta-feira;Tiradentes;;;
01/05/2067;domingo;Dia do Trabalho;;;
02/06/2067;quinta-feira;Corpus Christi;;;
07/09/2067;quarta-feira;Independància do Brasil;;;
12/10/2067;quarta-feira;Nossa Sr.a Aparecida - Padroeira do Brasil;;;
02/11/2067;quarta-feira;Finados;;;
15/11/2067;teráa-feira;Proclamaá∆o da Rep£blica;;;
25/12/2067;domingo;Natal;;;
01/01/2068;domingo;Confraternizaá∆o Universal;;;
05/03/2068;segunda-feira;Carnaval;;;
06/03/2068;teráa-feira;Carnaval;;;
20/04/2068;sexta-feira;Paix∆o de Cristo;;;
21/04/2068;s†bado;Tiradentes;;;
01/05/2068;teráa-feira;Dia do Trabalho;;;
21/06/2068;quinta-feira;Corpus Christi;;;
07/09/2068;sexta-feira;Independància do Brasil;;;
12/10/2068;sexta-feira;Nossa Sr.a Aparecida - Padroeira do Brasil;;;
02/11/2068;sexta-feira;Finados;;;
15/11/2068;quinta-feira;Proclamaá∆o da Rep£blica;;;
25/12/2068;teráa-feira;Natal;;;
01/01/2069;teráa-feira;Confraternizaá∆o Universal;;;
25/02/2069;segunda-feira;Carnaval;;;
26/02/2069;teráa-feira;Carnaval;;;
12/04/2069;sexta-feira;Paix∆o de Cristo;;;
21/04/2069;domingo;Tiradentes;;;
01/05/2069;quarta-feira;Dia do Trabalho;;;
13/06/2069;quinta-feira;Corpus Christi;;;
07/09/2069;s†bado;Independància do Brasil;;;
12/10/2069;s†bado;Nossa Sr.a Aparecida - Padroeira do Brasil;;;
02/11/2069;s†bado;Finados;;;
15/11/2069;sexta-feira;Proclamaá∆o da Rep£blica;;;
25/12/2069;quarta-feira;Natal;;;
01/01/2070;quarta-feira;Confraternizaá∆o Universal;;;
10/02/2070;segunda-feira;Carnaval;;;
11/02/2070;teráa-feira;Carnaval;;;
28/03/2070;sexta-feira;Paix∆o de Cristo;;;
21/04/2070;segunda-feira;Tiradentes;;;
01/05/2070;quinta-feira;Dia do Trabalho;;;
29/05/2070;quinta-feira;Corpus Christi;;;
07/09/2070;domingo;Independància do Brasil;;;
12/10/2070;domingo;Nossa Sr.a Aparecida - Padroeira do Brasil;;;
02/11/2070;domingo;Finados;;;
15/11/2070;s†bado;Proclamaá∆o da Rep£blica;;;
25/12/2070;quinta-feira;Natal;;;
01/01/2071;quinta-feira;Confraternizaá∆o Universal;;;
02/03/2071;segunda-feira;Carnaval;;;
03/03/2071;teráa-feira;Carnaval;;;
17/04/2071;sexta-feira;Paix∆o de Cristo;;;
21/04/2071;teráa-feira;Tiradentes;;;
01/05/2071;sexta-feira;Dia do Trabalho;;;
18/06/2071;quinta-feira;Corpus Christi;;;
07/09/2071;segunda-feira;Independància do Brasil;;;
12/10/2071;segunda-feira;Nossa Sr.a Aparecida - Padroeira do Brasil;;;
02/11/2071;segunda-feira;Finados;;;
15/11/2071;domingo;Proclamaá∆o da Rep£blica;;;
25/12/2071;sexta-feira;Natal;;;
01/01/2072;sexta-feira;Confraternizaá∆o Universal;;;
22/02/2072;segunda-feira;Carnaval;;;
23/02/2072;teráa-feira;Carnaval;;;
08/04/2072;sexta-feira;Paix∆o de Cristo;;;
21/04/2072;quinta-feira;Tiradentes;;;
01/05/2072;domingo;Dia do Trabalho;;;
09/06/2072;quinta-feira;Corpus Christi;;;
07/09/2072;quarta-feira;Independància do Brasil;;;
12/10/2072;quarta-feira;Nossa Sr.a Aparecida - Padroeira do Brasil;;;
02/11/2072;quarta-feira;Finados;;;
15/11/2072;teráa-feira;Proclamaá∆o da Rep£blica;;;
25/12/2072;domingo;Natal;;;
01/01/2073;domingo;Confraternizaá∆o Universal;;;
06/02/2073;segunda-feira;Carnaval;;;
07/02/2073;teráa-feira;Carnaval;;;
24/03/2073;sexta-feira;Paix∆o de Cristo;;;
21/04/2073;sexta-feira;Tiradentes;;;
01/05/2073;segunda-feira;Dia do Trabalho;;;
25/05/2073;quinta-feira;Corpus Christi;;;
07/09/2073;quinta-feira;Independància do Brasil;;;
12/10/2073;quinta-feira;Nossa Sr.a Aparecida - Padroeira do Brasil;;;
02/11/2073;quinta-feira;Finados;;;
15/11/2073;quarta-feira;Proclamaá∆o da Rep£blica;;;
25/12/2073;segunda-feira;Natal;;;
01/01/2074;segunda-feira;Confraternizaá∆o Universal;;;
26/02/2074;segunda-feira;Carnaval;;;
27/02/2074;teráa-feira;Carnaval;;;
13/04/2074;sexta-feira;Paix∆o de Cristo;;;
21/04/2074;s†bado;Tiradentes;;;
01/05/2074;teráa-feira;Dia do Trabalho;;;
14/06/2074;quinta-feira;Corpus Christi;;;
07/09/2074;sexta-feira;Independància do Brasil;;;
12/10/2074;sexta-feira;Nossa Sr.a Aparecida - Padroeira do Brasil;;;
02/11/2074;sexta-feira;Finados;;;
15/11/2074;quinta-feira;Proclamaá∆o da Rep£blica;;;
25/12/2074;teráa-feira;Natal;;;
01/01/2075;teráa-feira;Confraternizaá∆o Universal;;;
18/02/2075;segunda-feira;Carnaval;;;
19/02/2075;teráa-feira;Carnaval;;;
05/04/2075;sexta-feira;Paix∆o de Cristo;;;
21/04/2075;domingo;Tiradentes;;;
01/05/2075;quarta-feira;Dia do Trabalho;;;
06/06/2075;quinta-feira;Corpus Christi;;;
07/09/2075;s†bado;Independància do Brasil;;;
12/10/2075;s†bado;Nossa Sr.a Aparecida - Padroeira do Brasil;;;
02/11/2075;s†bado;Finados;;;
15/11/2075;sexta-feira;Proclamaá∆o da Rep£blica;;;
25/12/2075;quarta-feira;Natal;;;
01/01/2076;quarta-feira;Confraternizaá∆o Universal;;;
02/03/2076;segunda-feira;Carnaval;;;
03/03/2076;teráa-feira;Carnaval;;;
17/04/2076;sexta-feira;Paix∆o de Cristo;;;
21/04/2076;teráa-feira;Tiradentes;;;
01/05/2076;sexta-feira;Dia do Trabalho;;;
18/06/2076;quinta-feira;Corpus Christi;;;
07/09/2076;segunda-feira;Independància do Brasil;;;
12/10/2076;segunda-feira;Nossa Sr.a Aparecida - Padroeira do Brasil;;;
02/11/2076;segunda-feira;Finados;;;
15/11/2076;domingo;Proclamaá∆o da Rep£blica;;;
25/12/2076;sexta-feira;Natal;;;
01/01/2077;sexta-feira;Confraternizaá∆o Universal;;;
22/02/2077;segunda-feira;Carnaval;;;
23/02/2077;teráa-feira;Carnaval;;;
09/04/2077;sexta-feira;Paix∆o de Cristo;;;
21/04/2077;quarta-feira;Tiradentes;;;
01/05/2077;s†bado;Dia do Trabalho;;;
10/06/2077;quinta-feira;Corpus Christi;;;
07/09/2077;teráa-feira;Independància do Brasil;;;
12/10/2077;teráa-feira;Nossa Sr.a Aparecida - Padroeira do Brasil;;;
02/11/2077;teráa-feira;Finados;;;
15/11/2077;segunda-feira;Proclamaá∆o da Rep£blica;;;
25/12/2077;s†bado;Natal;;;
01/01/2078;teráa-feira;Confraternizaá∆o Universal;;;
14/02/2078;segunda-feira;Carnaval;;;
15/02/2078;teráa-feira;Carnaval;;;
01/04/2078;sexta-feira;Paix∆o de Cristo;;;
21/04/2078;quinta-feira;Tiradentes;;;
01/05/2078;quarta-feira;Dia do Trabalho;;;
02/06/2078;quinta-feira;Corpus Christi;;;
07/09/2078;quarta-feira;Independància do Brasil;;;
12/10/2078;quarta-feira;Nossa Sr.a Aparecida - Padroeira do Brasil;;100000;
02/11/2078;quarta-feira;Finados;;;
15/11/2078;teráa-feira;Proclamaá∆o da Rep£blica;;;
25/12/2078;quarta-feira;Natal;;;
Fonte: ANBIMA;;;;;
;;;;;
1) De acordo com a Resoluá∆o n ß 2.516, a partir do ano 2000, a quinta-feira da Semana Santa foi considerada dia £til. Esta mesma Resoluá∆o dispensou as instituiá‰es financeiras do cumprimento do hor†rio m°nimo de funcionamento, desde que informem ao p£blico.;;;;;
;;;;;
"2) A lei nß 9.504/97 estabeleceu que, em ano eleitoral, o 1ß turno das eleiá‰es ser† realizado no primeiro domingo de outubro; e o 2ß turno, quando houver, no £ltimo domingo do referido màs.";;;;;
;;;;;
3) De acordo com a Resoluá∆o nß 2.596/99, no £ltimo dia £til do ano n∆o haver† atendimento ao p£blico.;;;;;
;;;;;
4) Esta listagem n∆o inclui os feriados municipais, eleiá‰es e o £ltimo dia do ano. O critÇrio adotado foi o de indicar os feriados em que n∆o h† sensibilizaá∆o das Reservas Banc†rias.;;;;;
